Date,East Coast Production of Gasoline (Thousand Barrels per Day),East Coast Production of Jet Fuel (Thousand Barrels per Day),U.S. Production of Gasoline (Thousand Barrels per Day),U.S. Gasoline Demand (Thousand Barrels per Day),U.S. Production of Jet Fuel (Thousand Barrels per Day)
10/30/2020,2914,22,9072,8336,919
10/23/2020,2986,13,9095,8545,840
10/16/2020,2909,20,8933,8289,782
10/09/2020,3030,20,9240,8576,749
10/02/2020,2864,23,9522,8896,799
09/25/2020,2981,25,8892,8529,870
09/18/2020,2941,15,9315,8515,784
09/11/2020,2934,15,8819,8478,810
09/04/2020,2892,7,8930,8390,668
08/28/2020,3016,12,9534,8786,850
08/21/2020,3003,15,9518,9161,904
08/14/2020,3041,12,9400,8630,1028
08/07/2020,3119,8,9600,8883,939
07/31/2020,2978,19,9300,8617,852
07/24/2020,2957,11,9158,8809,925
07/17/2020,2939,9,9079,8550,866
07/10/2020,2891,11,9095,8648,841
07/03/2020,2939,12,9045,8766,853
06/26/2020,2906,10,8905,8561,743
06/19/2020,2856,10,8794,8608,694
06/12/2020,2707,8,8356,7870,740
06/05/2020,2589,7,8139,7900,619
05/29/2020,2481,8,7779,7549,506
05/22/2020,2431,1,7171,7253,496
05/15/2020,2339,,7166,6790,459
05/08/2020,2279,-1,7497,7398,443
05/01/2020,1997,-11,6705,6664,462
04/24/2020,1972,-5,6735,5860,602
04/17/2020,1782,8,6205,5311,646
04/10/2020,1718,15,5915,5081,715
04/03/2020,1706,29,5818,5065,872
03/27/2020,2085,31,7456,6659,1129
03/20/2020,3066,63,8958,8837,1457
03/13/2020,3256,59,9974,9696,1603
03/06/2020,3239,89,9956,9449,1631
02/28/2020,3156,80,9757,9186,1640
02/21/2020,3167,90,9797,9035,1613
02/14/2020,3242,75,9525,8918,1687
02/07/2020,3085,94,9241,8722,1803
01/31/2020,3195,117,9903,8933,1854
01/24/2020,3072,92,9158,8793,1844
01/17/2020,3063,96,9535,8662,1872
01/10/2020,2999,106,9281,8558,1937
01/03/2020,2844,108,8887,8133,1874
12/27/2019,3148,111,10173,8961,1992
12/20/2019,3325,111,10269,9303,1871
12/13/2019,3233,90,9840,9411,1870
12/06/2019,3066,92,9753,8882,1799
11/29/2019,3188,98,9941,9032,1933
11/22/2019,3296,113,10065,9204,1796
11/15/2019,3264,101,10053,9192,1812
11/08/2019,3379,99,10173,9321,1780
11/01/2019,3212,73,10036,9145,1740
10/25/2019,3264,45,10184,9784,1684
10/18/2019,3238,73,10098,9590,1647
10/11/2019,3262,72,9998,9354,1629
10/04/2019,3249,89,10066,9460,1690
09/27/2019,3278,85,10081,9137,1721
09/20/2019,3322,91,10240,9346,1773
09/13/2019,3092,94,9451,8939,1844
09/06/2019,3300,113,10360,9807,1982
08/30/2019,3412,121,10272,9471,1952
08/23/2019,3348,95,10660,9900,1914
08/16/2019,3409,111,9897,9626,1956
08/09/2019,3397,114,10203,9932,1938
08/02/2019,3341,126,10421,9651,1928
07/26/2019,3385,103,10416,9559,1891
07/19/2019,3374,120,10089,9673,1934
07/12/2019,3241,117,9855,9214,1948
07/05/2019,3333,107,10418,9754,2005
06/28/2019,3372,108,9948,9492,1860
06/21/2019,3342,127,10512,9466,1905
06/14/2019,3306,127,10423,9928,1830
06/07/2019,3371,133,10276,9877,1911
05/31/2019,3314,121,10049,9441,1794
05/24/2019,3440,127,9863,9394,1782
05/17/2019,3374,103,9883,9429,1726
05/10/2019,3406,62,9912,9148,1671
05/03/2019,3233,93,10129,9871,1733
04/26/2019,3300,97,9927,9228,1719
04/19/2019,3293,96,9781,9409,1702
04/12/2019,3346,84,9917,9420,1714
04/05/2019,3271,72,10169,9806,1722
03/29/2019,3286,72,9813,9131,1705
03/22/2019,3291,88,9657,9124,1741
03/15/2019,3279,84,9925,9409,1765
03/08/2019,3261,77,9735,9140,1718
03/01/2019,3106,80,9852,9062,1628
02/22/2019,3109,83,9553,8981,1775
02/15/2019,3132,81,9489,8800,1690
02/08/2019,3124,86,9619,8648,1685
02/01/2019,3188,94,9856,9073,1772
01/25/2019,3094,84,9904,9564,1752
01/18/2019,3124,112,9604,8868,1747
01/11/2019,3132,121,9584,8565,1813
01/04/2019,2919,94,9392,8735,1850
12/28/2018,3069,107,9533,8623,1897
12/21/2018,3332,92,10144,9348,1861
12/14/2018,3285,96,10334,9243,1849
12/07/2018,3289,94,10457,9036,1843
11/30/2018,3206,96,9666,8877,1725
11/23/2018,3253,58,10168,9188,1763
11/16/2018,3232,46,10036,9185,1755
11/09/2018,3250,57,10056,9192,1655
11/02/2018,3191,50,9714,9099,1748
10/26/2018,3253,54,10364,9262,1670
10/19/2018,3280,65,10028,9324,1642
10/12/2018,3267,58,10430,9182,1666
10/05/2018,3047,55,9711,9078,1784
09/28/2018,3177,73,9950,9102,1744
09/21/2018,2990,88,9832,8987,1861
09/14/2018,3297,87,10270,9534,1871
09/07/2018,3200,99,10384,9649,1934
08/31/2018,3311,100,10215,9734,1891
08/24/2018,3271,123,10237,9899,1991
08/17/2018,3239,110,10151,9453,1980
08/10/2018,3366,112,10234,9512,1985
08/03/2018,3319,99,9913,9346,1949
07/27/2018,3298,99,10483,9878,1969
07/20/2018,3321,106,10255,9846,1841
07/13/2018,3248,102,10292,9708,1844
07/06/2018,3259,116,10699,9275,1906
06/29/2018,3334,113,10311,9869,1944
06/22/2018,3301,107,10142,9731,1897
06/15/2018,3315,79,10099,9326,1872
06/08/2018,3274,91,10451,9879,1774
06/01/2018,3111,101,9658,8976,1887
05/25/2018,3272,106,10433,9689,1785
05/18/2018,3263,112,10052,9689,1769
05/11/2018,3258,122,10462,9531,1803
05/04/2018,3281,119,9974,9775,1800
04/27/2018,3223,120,10045,9090,1812
04/20/2018,3172,99,9886,9083,1771
04/13/2018,3240,102,10204,9857,1754
04/06/2018,3110,85,10150,9273,1765
03/30/2018,3161,82,10115,9203,1787
03/23/2018,3098,70,10305,9208,1881
03/16/2018,3106,85,9932,9324,1745
03/09/2018,3193,66,10280,9642,1767
03/02/2018,3188,75,9923,9276,1724
02/23/2018,3036,69,9391,8860,1663
02/16/2018,3074,86,10107,9002,1703
02/09/2018,3102,84,9592,9059,1673
02/02/2018,3062,100,10085,9110,1697
01/26/2018,2952,110,9567,9044,1621
01/19/2018,2951,116,9358,8697,1700
01/12/2018,2958,101,9710,8668,1781
01/05/2018,2725,97,9525,8814,1740
12/29/2017,2970,101,9682,8650,1774
12/22/2017,3314,115,10246,9485,1850
12/15/2017,3096,100,10065,9426,1707
12/08/2017,3281,101,10129,9091,1729
12/01/2017,3058,119,9758,8895,1766
11/24/2017,3200,116,10222,8724,1633
11/17/2017,3254,100,10432,9595,1694
11/10/2017,3248,85,9852,9172,1610
11/03/2017,3178,99,10167,9496,1627
10/27/2017,3234,90,10187,9461,1558
10/20/2017,3301,88,9936,9314,1520
10/13/2017,3207,102,10031,9136,1523
10/06/2017,3313,103,9741,9480,1697
09/29/2017,3310,77,9853,9241,1618
09/22/2017,3219,90,9855,9522,1711
09/15/2017,3015,113,9793,9441,1672
09/08/2017,3186,98,9888,9619,1607
09/01/2017,3353,115,9517,9163,1589
08/25/2017,3353,101,10602,9846,1794
08/18/2017,3352,101,10566,9629,1822
08/11/2017,3291,105,10048,9522,1772
08/04/2017,3245,90,10301,9797,1804
07/28/2017,3371,103,10295,9842,1781
07/21/2017,3321,89,10393,9821,1826
07/14/2017,3228,88,10096,9592,1783
07/07/2017,3205,92,10469,9786,1834
06/30/2017,3314,88,10365,9705,1760
06/23/2017,3342,106,10334,9538,1775
06/16/2017,3294,86,10163,9816,1721
06/09/2017,3276,91,9843,9269,1774
06/02/2017,3093,107,9934,9317,1762
05/26/2017,3376,87,10430,9822,1701
05/19/2017,3324,83,10243,9704,1639
05/12/2017,3279,83,10020,9452,1712
05/05/2017,3185,95,10052,9408,1717
04/28/2017,3267,108,9783,9156,1738
04/21/2017,3223,101,9710,9206,1809
04/14/2017,3185,77,9794,9223,1751
04/07/2017,3178,77,9927,9275,1692
03/31/2017,3112,89,9515,9245,1722
03/24/2017,3107,76,10028,9524,1731
03/17/2017,3097,61,9771,9200,1634
03/10/2017,3244,69,9540,9254,1580
03/03/2017,3018,67,9844,9268,1571
02/24/2017,3129,71,9456,8686,1562
02/17/2017,3014,58,9429,8663,1586
02/10/2017,2927,72,8950,8433,1645
02/03/2017,3004,74,9804,8941,1663
01/27/2017,2886,87,9101,8310,1637
01/20/2017,2960,72,8825,8039,1650
01/13/2017,2883,69,8953,8069,1621
01/06/2017,2830,78,9666,8470,1707
12/30/2016,3019,75,9467,8465,1626
12/23/2016,3306,76,10537,9278,1668
12/16/2016,3268,73,10150,9269,1632
12/09/2016,3171,85,9828,8874,1703
12/02/2016,3070,98,9913,8757,1762
11/25/2016,3217,91,9986,9080,1720
11/18/2016,3202,86,9700,9024,1715
11/11/2016,3139,90,10152,9359,1665
11/04/2016,3305,90,10456,9213,1585
10/28/2016,3240,89,9824,9183,1562
10/21/2016,3208,89,9837,9118,1578
10/14/2016,3156,80,9498,8798,1580
10/07/2016,3271,62,9935,9264,1600
09/30/2016,3260,79,9988,9390,1714
09/23/2016,3179,75,9555,8880,1706
09/16/2016,3161,65,10083,9650,1715
09/09/2016,3187,76,9900,9406,1760
09/02/2016,3276,81,10173,9595,1799
08/26/2016,3294,75,10021,9511,1751
08/19/2016,3277,91,10035,9659,1786
08/12/2016,3361,89,10280,9762,1849
08/05/2016,3321,82,10098,9769,1842
07/29/2016,3271,92,9992,9752,1759
07/22/2016,3316,93,10068,9797,1688
07/15/2016,3249,94,10050,9785,1722
07/08/2016,3163,81,10218,9671,1727
07/01/2016,3393,92,10018,9755,1736
06/24/2016,3328,91,9959,9709,1656
06/17/2016,3303,88,10289,9815,1633
06/10/2016,3304,89,9707,9762,1562
06/03/2016,3234,81,10122,9568,1645
05/27/2016,3296,86,9916,9716,1609
05/20/2016,3259,82,9866,9516,1572
05/13/2016,3278,74,9997,9755,1633
05/06/2016,3187,92,10051,9658,1561
04/29/2016,3308,89,9811,9502,1572
04/22/2016,3318,92,9507,9315,1683
04/15/2016,3204,101,9738,9444,1621
04/08/2016,3150,92,9568,9633,1596
04/01/2016,3144,108,9617,9224,1636
03/25/2016,3071,90,9430,9244,1587
03/18/2016,3079,78,9683,9503,1510
03/11/2016,3194,99,10015,9458,1598
03/04/2016,3113,96,9580,9411,1577
02/26/2016,3091,92,9335,9121,1621
02/19/2016,3069,87,10009,9576,1590
02/12/2016,3070,76,9675,9203,1547
02/05/2016,3008,77,9553,9122,1570
01/29/2016,2725,83,8642,8341,1510
01/22/2016,3112,94,9377,8941,1585
01/15/2016,3065,88,9453,9079,1547
01/08/2016,2805,97,8820,8500,1643
01/01/2016,2846,95,8766,8159,1679
12/25/2015,3171,86,9921,9395,1697
12/18/2015,3098,88,9346,9185,1751
12/11/2015,3117,81,9963,9220,1705
12/04/2015,2938,101,9869,9420,1711
11/27/2015,3011,131,9752,9281,1761
11/20/2015,3056,113,9544,8921,1648
11/13/2015,3009,87,9558,9054,1590
11/06/2015,3051,107,9693,9388,1658
10/30/2015,3120,97,9537,9184,1580
10/23/2015,3199,96,9703,9343,1556
10/16/2015,3144,86,9579,9157,1540
10/09/2015,3063,84,9619,9137,1563
10/02/2015,3041,87,9306,8958,1541
09/25/2015,3148,95,9674,9021,1533
09/18/2015,3101,90,9545,9215,1505
09/11/2015,2959,81,9247,8983,1656
09/04/2015,3139,90,9587,9017,1661
08/28/2015,3256,94,9799,9438,1564
08/21/2015,3186,87,9782,9189,1588
08/14/2015,3253,99,10248,9705,1639
08/07/2015,3213,93,9993,9686,1593
07/31/2015,3223,98,9984,9687,1634
07/24/2015,3182,102,9681,9339,1704
07/17/2015,3194,95,10109,9749,1722
07/10/2015,3134,79,9658,9404,1657
07/03/2015,3096,81,9868,9532,1693
06/26/2015,3218,87,10046,9731,1639
06/19/2015,3241,79,9934,9655,1672
06/12/2015,3183,82,9651,9176,1672
06/05/2015,3132,105,10007,9600,1658
05/29/2015,3132,110,9408,8978,1710
05/22/2015,3271,99,10164,9734,1636
05/15/2015,3254,121,9651,9261,1620
05/08/2015,3089,104,9690,9201,1615
05/01/2015,3066,112,9152,8785,1568
04/24/2015,3079,121,9374,8920,1660
04/17/2015,3071,114,9763,9185,1592
04/10/2015,3124,108,9249,8914,1620
04/03/2015,2962,104,9143,8610,1540
03/27/2015,2995,117,9729,9435,1517
03/20/2015,2996,100,9024,8619,1516
03/13/2015,2976,93,9754,9260,1504
03/06/2015,2845,88,9165,8515,1440
02/27/2015,2939,55,9522,8630,1453
02/20/2015,2986,65,9659,8915,1529
02/13/2015,2884,83,9180,8809,1605
02/06/2015,2826,86,8708,8282,1613
01/30/2015,2940,108,9087,8442,1523
01/23/2015,2955,99,9177,9022,1538
01/16/2015,3002,98,9215,8851,1511
01/09/2015,2826,104,9125,8875,1600
01/02/2015,2686,99,8701,8809,1640
12/26/2014,2924,92,10195,9614,1661
12/19/2014,3119,99,9920,9518,1687
12/12/2014,2971,89,9652,9373,1631
12/05/2014,2948,108,9169,8549,1637
11/28/2014,2932,94,9593,9425,1628
11/21/2014,2935,102,9641,9254,1608
11/14/2014,2952,90,9630,9194,1511
11/07/2014,2962,105,9345,9005,1566
10/31/2014,2981,104,9695,9162,1502
10/24/2014,3085,91,9078,8867,1511
10/17/2014,3131,116,9313,8836,1421
10/10/2014,3086,104,9254,9043,1528
10/03/2014,2858,112,8874,8645,1573
09/26/2014,2979,126,9045,8660,1554
09/19/2014,3039,113,9135,8781,1680
09/12/2014,2928,116,9174,8707,1709
09/05/2014,3028,107,8965,8611,1728
08/29/2014,2972,108,9572,9480,1687
08/22/2014,3152,106,9514,9100,1674
08/15/2014,3080,114,9152,8775,1671
08/08/2014,3131,99,9518,8922,1656
08/01/2014,3097,133,9759,9359,1677
07/25/2014,3135,117,9337,9006,1686
07/18/2014,3160,96,9357,8792,1668
07/11/2014,3096,91,9139,9057,1638
07/04/2014,3176,101,9425,8935,1595
06/27/2014,3219,107,9436,9168,1514
06/20/2014,3150,101,9054,8813,1475
06/13/2014,3207,106,9840,9258,1576
06/06/2014,3126,106,8855,8624,1475
05/30/2014,3100,85,9476,9104,1530
05/23/2014,3228,94,9526,9310,1504
05/16/2014,3247,83,9592,9174,1483
05/09/2014,3145,68,9606,9191,1537
05/02/2014,3024,92,8992,8719,1521
04/25/2014,3048,83,8623,8693,1534
04/18/2014,2914,93,8891,8430,1481
04/11/2014,2859,82,8939,8616,1479
04/04/2014,3139,78,9370,8996,1522
03/28/2014,2865,67,9043,8713,1488
03/21/2014,2822,77,9000,9002,1452
03/14/2014,2935,76,9231,8512,1407
03/07/2014,2869,80,9357,8949,1478
02/28/2014,2842,79,9037,8411,1502
02/21/2014,2693,73,8693,8535,1474
02/14/2014,2714,61,8776,8030,1433
02/07/2014,2696,57,8866,8325,1483
01/31/2014,2664,54,8796,8452,1424
01/24/2014,2694,58,9187,8584,1469
01/17/2014,2734,52,8475,8059,1504
01/10/2014,2672,58,8325,8021,1530
01/03/2014,2595,81,9120,8274,1668
12/27/2013,2786,68,9078,8893,1643
12/20/2013,2952,58,9715,9176,1620
12/13/2013,2871,65,9311,9016,1595
12/06/2013,2839,66,8982,8348,1619
11/29/2013,2870,65,8977,8873,1564
11/22/2013,2870,63,9420,8909,1502
11/15/2013,2854,48,9268,8924,1451
11/08/2013,2955,48,9434,9032,1496
11/01/2013,2867,46,8352,9292,1484
10/25/2013,2944,49,9434,9054,1440
10/18/2013,2847,40,9130,8797,1459
10/11/2013,2889,44,9335,9077,1415
10/04/2013,2886,75,9249,8846,1458
09/27/2013,2920,84,8929,8527,1497
09/20/2013,2813,83,9030,8846,1519
09/13/2013,2830,82,9288,9028,1570
09/06/2013,2940,75,9069,8605,1628
08/30/2013,2951,73,9065,9094,1670
08/23/2013,3025,85,9403,9031,1600
08/16/2013,3018,69,9436,9200,1583
08/09/2013,2971,67,9072,9190,1543
08/02/2013,3030,74,9552,9246,1590
07/26/2013,3057,73,9504,9147,1601
07/19/2013,3033,70,9213,8982,1564
07/12/2013,2914,73,9047,8729,1528
07/05/2013,3074,70,9586,9299,1613
06/28/2013,3096,69,9382,9294,1610
06/21/2013,2963,67,9133,8894,1525
06/14/2013,3028,65,9100,8840,1529
06/07/2013,3090,74,9203,8648,1504
05/31/2013,2975,65,9341,8822,1517
05/24/2013,3091,65,9009,8956,1460
05/17/2013,3126,67,9214,8790,1445
05/10/2013,2983,71,8929,8341,1516
05/03/2013,3014,78,8673,8445,1602
04/26/2013,3022,84,8786,8415,1483
04/19/2013,2938,96,8995,8750,1506
04/12/2013,2931,83,8902,8383,1484
04/05/2013,3069,82,8761,8477,1532
03/29/2013,2757,81,8946,8523,1566
03/22/2013,2976,80,8861,8399,1538
03/15/2013,2780,81,8558,8324,1402
03/08/2013,2707,75,8954,8627,1370
03/01/2013,2793,69,8606,8364,1403
02/22/2013,2718,73,9211,8597,1396
02/15/2013,2731,70,8936,8437,1443
02/08/2013,2735,83,8896,8404,1436
02/01/2013,2743,75,8761,8415,1393
01/25/2013,2647,71,9064,8501,1394
01/18/2013,2738,67,8908,8431,1386
01/11/2013,2792,66,8590,8320,1517
01/04/2013,2514,66,8385,8010,1511
12/28/2012,2682,65,8917,8518,1533
12/21/2012,2870,64,9545,8608,1464
12/14/2012,2825,66,8888,8618,1488
12/07/2012,2893,68,8908,8488,1494
11/30/2012,2799,66,9197,8354,1446
11/23/2012,2865,48,8729,8427,1339
11/16/2012,2858,48,9189,8898,1372
11/09/2012,2765,32,9103,8908,1354
11/02/2012,2812,22,8892,8307,1445
10/26/2012,2894,48,9203,8844,1484
10/19/2012,2942,50,8989,8493,1462
10/12/2012,2760,56,9046,8729,1421
10/05/2012,2782,61,8638,8587,1454
09/28/2012,2818,56,9107,8633,1535
09/21/2012,2862,50,8930,8770,1476
09/14/2012,2861,54,9118,8632,1491
09/07/2012,2788,48,8951,8695,1448
08/31/2012,2996,42,9276,9177,1459
08/24/2012,2961,42,9183,9064,1551
08/17/2012,2917,44,9321,9081,1599
08/10/2012,2975,48,9357,9308,1637
08/03/2012,2998,57,9250,8839,1692
07/27/2012,2872,47,8977,8820,1686
07/20/2012,2974,48,9264,8660,1497
07/13/2012,2865,48,8894,8628,1578
07/06/2012,3000,44,9318,8917,1684
06/29/2012,3005,43,9388,9001,1557
06/22/2012,3005,49,9280,8846,1577
06/15/2012,2939,42,9022,8693,1609
06/08/2012,3007,47,9551,9130,1577
06/01/2012,2858,41,9056,8648,1606
05/25/2012,3008,50,9153,8931,1473
05/18/2012,3028,52,8945,8633,1451
05/11/2012,2938,49,9098,8971,1338
05/04/2012,2913,33,9087,8864,1369
04/27/2012,2745,43,8786,8692,1432
04/20/2012,2793,55,8789,8496,1455
04/13/2012,2920,51,8915,8775,1395
04/06/2012,2762,52,8912,8681,1376
03/30/2012,2852,49,8973,8783,1432
03/23/2012,2805,53,8756,8710,1407
03/16/2012,2769,54,8762,8379,1368
03/09/2012,2828,45,8821,8415,1339
03/02/2012,2742,52,8589,8262,1346
02/24/2012,2791,62,8850,8363,1414
02/17/2012,2729,38,8975,8628,1443
02/10/2012,2768,38,8788,8167,1379
02/03/2012,2751,44,8626,8039,1387
01/27/2012,2618,54,8562,8018,1388
01/20/2012,2691,45,8539,8098,1453
01/13/2012,2682,53,8788,7996,1420
01/06/2012,2555,58,8739,8179,1489
12/30/2011,2585,49,8936,8556,1434
12/23/2011,2902,48,9402,8923,1417
12/16/2011,2916,52,9390,8879,1420
12/09/2011,2809,59,9544,8666,1440
12/02/2011,2688,79,9127,8574,1445
11/25/2011,2815,84,9188,8769,1363
11/18/2011,2931,70,9470,8592,1370
11/11/2011,2932,72,9135,8625,1337
11/04/2011,2743,57,8815,8671,1329
10/28/2011,2905,76,9082,8518,1382
10/21/2011,2906,59,8936,8501,1406
10/14/2011,2831,56,9313,8598,1378
10/07/2011,2811,62,8914,9010,1503
09/30/2011,2812,100,9286,8959,1619
09/23/2011,2918,93,9279,8964,1518
09/16/2011,3014,96,9078,8858,1570
09/09/2011,2896,94,9356,8848,1503
09/02/2011,2886,97,9161,8956,1568
08/26/2011,3177,96,9584,9229,1558
08/19/2011,2983,73,9343,9009,1530
08/12/2011,3123,79,9324,9195,1528
08/05/2011,3216,79,9533,9244,1492
07/29/2011,3133,83,9146,9215,1486
07/22/2011,3078,106,9190,8999,1542
07/15/2011,3048,106,9242,9028,1621
07/08/2011,2943,97,8898,9016,1551
07/01/2011,3053,94,9529,9309,1499
06/24/2011,3042,85,9097,9261,1585
06/17/2011,3154,83,9541,9319,1539
06/10/2011,3043,91,9469,9370,1492
06/03/2011,2925,93,9446,9163,1511
05/27/2011,3092,106,9433,9431,1480
05/20/2011,2969,118,9259,9025,1450
05/13/2011,3002,92,9131,9048,1383
05/06/2011,2938,79,8876,8826,1361
04/29/2011,3071,113,8826,8943,1472
04/22/2011,2878,84,8841,9148,1345
04/15/2011,2926,92,9168,9062,1410
04/08/2011,2752,63,8970,9181,1444
04/01/2011,2885,72,8810,8853,1424
03/25/2011,2764,74,8696,8866,1484
03/18/2011,2875,80,9026,9074,1391
03/11/2011,2850,82,8744,8830,1379
03/04/2011,2856,90,9026,9192,1412
02/25/2011,2920,92,9226,9162,1344
02/18/2011,2884,83,9143,9101,1371
02/11/2011,2886,97,9169,8810,1239
02/04/2011,2756,96,9076,8524,1355
01/28/2011,2681,69,8827,8549,1400
01/21/2011,2772,54,8815,8632,1356
01/14/2011,2654,64,8867,8775,1313
01/07/2011,2672,59,8725,8819,1468
12/31/2010,2705,69,8920,8853,1422
12/24/2010,3064,72,9281,9399,1413
12/17/2010,2970,75,9457,9213,1419
12/10/2010,2920,70,9335,9349,1382
12/03/2010,2871,61,9396,9171,1402
11/26/2010,2747,78,8795,8867,1326
11/19/2010,2865,71,8943,8829,1416
11/12/2010,2877,73,8932,8952,1374
11/05/2010,2846,60,9011,9056,1339
10/29/2010,2877,72,8981,9015,1309
10/22/2010,2926,74,9214,9358,1345
10/15/2010,2990,97,9046,8891,1296
10/08/2010,2838,73,8727,8812,1353
10/01/2010,2830,75,8769,8989,1354
09/24/2010,2830,80,9159,9383,1306
09/17/2010,2690,74,9020,8847,1423
09/10/2010,2727,77,9175,9019,1489
09/03/2010,2835,83,9495,9263,1439
08/27/2010,2792,72,9306,9386,1423
08/20/2010,2844,71,9619,9375,1419
08/13/2010,2802,81,9446,9459,1448
08/06/2010,2772,66,9291,9236,1421
07/30/2010,2849,78,9415,9477,1503
07/23/2010,2897,70,9648,9632,1533
07/16/2010,2792,86,9315,9435,1585
07/09/2010,2881,61,9508,9080,1521
07/02/2010,2923,83,9367,9449,1572
06/25/2010,2838,80,9374,9462,1452
06/18/2010,2741,92,9262,9241,1440
06/11/2010,2755,84,9385,9338,1448
06/04/2010,2642,70,9223,9194,1391
05/28/2010,2688,77,9160,9174,1410
05/21/2010,2495,89,9011,9099,1457
05/14/2010,2586,103,9231,9092,1467
05/07/2010,2427,67,8962,9140,1437
04/30/2010,2344,82,9143,9282,1501
04/23/2010,2392,80,9205,9290,1507
04/16/2010,2492,94,9396,9152,1440
04/09/2010,2468,91,9248,9325,1393
04/02/2010,2410,79,9092,9076,1406
03/26/2010,2426,73,9036,9060,1346
03/19/2010,2400,52,9024,9087,1340
03/12/2010,2463,58,8961,8849,1367
03/05/2010,2321,51,8758,8992,1255
02/26/2010,2381,69,8831,8882,1271
02/19/2010,2325,63,8863,9064,1344
02/12/2010,2212,66,8428,8521,1276
02/05/2010,2255,48,8807,8766,1219
01/29/2010,2254,53,8584,8613,1309
01/22/2010,2242,79,8636,8619,1343
01/15/2010,2221,66,8565,8602,1374
01/08/2010,2128,64,8511,8740,1426
01/01/2010,2458,88,9071,8741,1448
12/25/2009,2505,92,9028,9074,1522
12/18/2009,2473,80,8963,9045,1439
12/11/2009,2464,76,9097,8963,1445
12/04/2009,2516,62,9163,9012,1388
11/27/2009,2306,52,9025,8943,1334
11/20/2009,2338,46,9184,9092,1316
11/13/2009,2298,45,9056,9015,1258
11/06/2009,2351,66,8919,8844,1321
10/30/2009,2427,74,9040,9015,1351
10/23/2009,2401,90,8834,8858,1327
10/16/2009,2408,53,8457,8950,1262
10/09/2009,2402,73,8453,9256,1321
10/02/2009,2477,79,9417,9269,1346
09/25/2009,2365,61,9098,9126,1346
09/18/2009,2320,75,8886,8790,1435
09/11/2009,2361,77,9032,9001,1420
09/04/2009,2417,78,9240,9283,1448
08/28/2009,2504,68,9157,9478,1403
08/21/2009,2419,62,9019,9105,1299
08/14/2009,2367,56,8899,9205,1380
08/07/2009,2377,87,8860,8951,1416
07/31/2009,2388,110,9075,9199,1473
07/24/2009,2416,96,8977,9171,1490
07/17/2009,2371,65,9236,9255,1458
07/10/2009,2132,81,8956,9163,1500
07/03/2009,2321,88,9254,9229,1384
06/26/2009,2418,103,9241,9053,1321
06/19/2009,2464,92,9224,9129,1443
06/12/2009,2454,66,9131,9354,1388
06/05/2009,2408,63,8951,9141,1361
05/29/2009,2306,62,8797,9020,1334
05/22/2009,2487,58,9378,9538,1439
05/15/2009,2427,80,8735,9232,1310
05/08/2009,2402,80,8710,8911,1357
05/01/2009,2488,82,8918,8923,1432
04/24/2009,2402,88,8790,9151,1442
04/17/2009,2211,86,9088,9136,1425
04/10/2009,2156,62,8913,8944,1400
04/03/2009,2238,83,8966,9024,1345
03/27/2009,2029,117,8733,9125,1411
03/20/2009,2036,76,8723,9100,1393
03/13/2009,2078,68,8868,8955,1326
03/06/2009,2019,84,8539,8972,1368
02/27/2009,2262,71,9003,9204,1449
02/20/2009,2371,78,8937,9010,1364
02/13/2009,2314,82,8765,8908,1296
02/06/2009,2229,82,8492,9006,1367
01/30/2009,2230,89,8679,9015,1463
01/23/2009,2184,84,8660,8650,1385
01/16/2009,2145,83,8729,8641,1361
01/09/2009,2332,48,8813,8758,1468
01/02/2009,2290,82,9115,8990,1464
12/26/2008,2247,78,8939,9106,1274
12/19/2008,2288,69,9090,8867,1390
12/12/2008,2292,78,9199,9175,1315
12/05/2008,2181,92,8999,9015,1391
11/28/2008,2272,88,8716,8933,1411
11/21/2008,2106,84,8962,8844,1447
11/14/2008,2115,67,8816,8962,1385
11/07/2008,2211,81,9024,9002,1314
10/31/2008,2177,67,9110,9095,1313
10/24/2008,2145,111,8848,9057,1290
10/17/2008,2192,112,8961,9065,1388
10/10/2008,2244,116,9164,8894,1410
10/03/2008,2095,111,8936,8691,1435
09/26/2008,2247,86,8690,8730,1274
09/19/2008,2093,96,7954,8741,1152
09/12/2008,2111,84,8326,8907,1323
09/05/2008,2126,109,8398,9090,1410
08/29/2008,2193,106,9446,9424,1505
08/22/2008,2139,83,9151,9411,1556
08/15/2008,2252,108,9065,9423,1583
08/08/2008,2060,61,8852,9446,1561
08/01/2008,2058,101,9061,9484,1559
07/25/2008,2103,110,9045,9468,1592
07/18/2008,2101,96,9210,9342,1543
07/11/2008,2117,110,9057,9344,1697
07/04/2008,2058,110,8929,9347,1526
06/27/2008,2035,106,9039,9357,1564
06/20/2008,2020,106,9057,9334,1614
06/13/2008,1962,104,8965,9251,1530
06/06/2008,1955,100,8974,9411,1493
05/30/2008,1987,106,9113,9129,1566
05/23/2008,1898,111,9098,9373,1470
05/16/2008,2035,113,9028,9359,1560
05/09/2008,1965,108,8904,9343,1479
05/02/2008,1825,104,8677,9311,1400
04/25/2008,2015,117,8964,9189,1471
04/18/2008,1785,116,8867,9215,1429
04/11/2008,1767,84,8841,9338,1403
04/04/2008,1688,100,8896,9286,1441
03/28/2008,1651,107,8608,9330,1505
03/21/2008,1621,79,8539,9116,1362
03/14/2008,1625,89,8678,9071,1383
03/07/2008,1630,93,9030,9131,1479
02/29/2008,1643,93,9042,9071,1392
02/22/2008,1724,59,8778,9045,1496
02/15/2008,1628,69,8840,9125,1448
02/08/2008,1683,83,8909,9020,1441
02/01/2008,1670,89,8739,8916,1495
01/25/2008,1676,94,8887,8940,1494
01/18/2008,1688,100,8965,8964,1448
01/11/2008,1705,95,8978,9116,1580
01/04/2008,1626,94,9116,9304,1511
12/28/2007,1667,84,9070,9286,1463
12/21/2007,1695,88,9004,9446,1452
12/14/2007,1744,98,9112,9287,1383
12/07/2007,1793,95,9155,9348,1552
11/30/2007,1689,103,9092,9266,1461
11/23/2007,1679,91,9020,9356,1409
11/16/2007,1706,86,8964,9222,1370
11/09/2007,1694,71,8895,9187,1439
11/02/2007,1730,95,8893,9367,1454
10/26/2007,1857,76,8917,9355,1407
10/19/2007,1873,74,8998,9373,1409
10/12/2007,1782,105,8864,9253,1469
10/05/2007,1850,77,8932,9200,1391
09/28/2007,1727,80,8698,9120,1341
09/21/2007,1753,77,8722,9235,1372
09/14/2007,1935,87,9070,9247,1435
09/07/2007,1845,82,8911,9393,1396
08/31/2007,1884,106,9157,9577,1473
08/24/2007,1919,88,9086,9626,1408
08/17/2007,1911,91,9287,9762,1457
08/10/2007,1897,87,9271,9572,1423
08/03/2007,1932,88,9151,9575,1408
07/27/2007,1932,102,9429,9662,1441
07/20/2007,1945,77,9271,9688,1446
07/13/2007,1916,95,9165,9710,1441
07/06/2007,1920,94,9229,9663,1477
06/29/2007,1966,98,9402,9557,1463
06/22/2007,1948,97,9342,9575,1430
06/15/2007,2057,105,9328,9591,1420
06/08/2007,2014,98,9326,9487,1459
06/01/2007,1851,94,9222,9495,1514
05/25/2007,1832,80,9258,9485,1450
05/18/2007,1821,99,9203,9433,1525
05/11/2007,1868,129,9053,9404,1454
05/04/2007,1997,83,8931,9344,1398
04/27/2007,1818,66,8777,9260,1334
04/20/2007,1692,66,8536,9163,1273
04/13/2007,1585,88,8664,9247,1348
04/06/2007,1653,80,8531,9472,1388
03/30/2007,1621,86,8773,9491,1457
03/23/2007,1595,90,8928,9250,1399
03/16/2007,1544,65,8803,9240,1367
03/09/2007,1637,68,8741,9158,1375
03/02/2007,1489,85,8590,9191,1424
02/23/2007,1690,77,8668,9121,1441
02/16/2007,1615,87,8640,9198,1398
02/09/2007,1635,96,8907,9061,1429
02/02/2007,1564,93,9013,9136,1381
01/26/2007,1583,90,9087,9090,1379
01/19/2007,1614,103,9106,9008,1442
01/12/2007,1661,95,9113,9060,1524
01/05/2007,1634,84,9190,9201,1580
12/29/2006,1754,82,9326,9247,1532
12/22/2006,1696,96,9369,9229,1567
12/15/2006,1798,94,9341,9491,1424
12/08/2006,1714,88,9283,9394,1484
12/01/2006,1711,105,9167,9477,1439
11/24/2006,1616,103,8856,9320,1399
11/17/2006,1557,89,8699,9149,1401
11/10/2006,1587,74,8679,9110,1354
11/03/2006,1523,96,8730,9256,1447
10/27/2006,1705,134,8763,9499,1533
10/20/2006,1676,92,8687,9511,1442
10/13/2006,1674,99,8901,9298,1444
10/06/2006,1735,84,8878,9242,1479
09/29/2006,1668,109,8902,9081,1484
09/22/2006,1790,107,9260,9287,1551
09/15/2006,1725,103,9156,9229,1460
09/08/2006,1660,102,9073,9368,1493
09/01/2006,1682,85,9231,9622,1455
08/25/2006,1698,87,9141,9610,1432
08/18/2006,1686,99,9269,9571,1506
08/11/2006,1724,82,9242,9530,1465
08/04/2006,1748,84,9169,9697,1591
07/28/2006,1547,94,9037,9639,1480
07/21/2006,1689,103,9090,9573,1622
07/14/2006,1634,91,9228,9569,1541
07/07/2006,1558,81,9176,9621,1453
06/30/2006,1786,87,9207,9645,1490
06/23/2006,1722,84,9327,9540,1489
06/16/2006,1723,79,9350,9429,1484
06/09/2006,1710,73,9209,9413,1524
06/02/2006,1727,81,9137,9367,1467
05/26/2006,1639,65,9208,9430,1422
05/19/2006,1640,78,9196,9193,1392
05/12/2006,1737,79,9177,9327,1454
05/05/2006,1663,76,8918,9346,1518
04/28/2006,1434,74,8595,9099,1429
04/21/2006,1378,80,8470,9012,1549
04/14/2006,1071,92,8095,9100,1482
04/07/2006,1072,99,7866,9297,1500
03/31/2006,1156,98,8134,9063,1471
03/24/2006,1243,104,8257,9054,1522
03/17/2006,1175,90,8112,9100,1445
03/10/2006,1261,75,8389,9106,1462
03/03/2006,1159,85,8280,9057,1405
02/24/2006,1112,99,8350,8951,1413
02/17/2006,979,82,8484,9046,1472
02/10/2006,1153,81,8526,9083,1515
02/03/2006,1289,71,8554,8967,1515
01/27/2006,1272,82,8664,8879,1492
01/20/2006,1306,93,8669,8826,1543
01/13/2006,1172,98,8632,8859,1546
01/06/2006,1185,87,8617,8950,1501
12/30/2005,1204,76,8937,9358,1543
12/23/2005,1202,70,8867,9249,1469
12/16/2005,1083,73,8694,9326,1522
12/09/2005,1226,92,8707,9268,1476
12/02/2005,1246,83,8809,9221,1549
11/25/2005,1273,102,8966,9189,1574
11/18/2005,1344,106,8996,9124,1538
11/11/2005,1275,114,8783,9151,1474
11/04/2005,1339,106,8626,9246,1476
10/28/2005,1400,96,8734,9045,1434
10/21/2005,1357,115,8587,8981,1322
10/14/2005,1281,122,8545,8961,1309
10/07/2005,1416,114,7887,8783,1240
09/30/2005,1441,113,7507,8840,1143
09/23/2005,1362,118,8586,8836,1426
09/16/2005,1325,130,8773,8819,1602
09/09/2005,1295,97,8486,8636,1418
09/02/2005,1274,97,8063,9027,1602
08/26/2005,1278,90,8799,9406,1651
08/19/2005,1223,89,8623,9471,1641
08/12/2005,1243,102,8725,9408,1635
08/05/2005,1306,98,8761,9483,1579
07/29/2005,1299,94,8661,9586,1596
07/22/2005,1252,107,8741,9449,1579
07/15/2005,1239,102,8515,9415,1576
07/08/2005,1207,110,8813,9391,1703
07/01/2005,1384,95,9218,9721,1726
06/24/2005,1349,115,9136,9367,1643
06/17/2005,1263,110,8712,9313,1814
06/10/2005,1326,97,8967,9528,1710
06/03/2005,1401,92,9038,9451,1734
05/27/2005,1441,85,9128,9461,1627
05/20/2005,1330,103,9034,9443,1658
05/13/2005,1312,114,8965,9269,1554
05/06/2005,1288,99,8863,9175,1506
04/29/2005,1326,100,8752,9024,1595
04/22/2005,1351,102,8874,9306,1697
04/15/2005,1306,121,8660,9170,1630
04/08/2005,1144,102,8698,9089,1575
04/01/2005,1093,101,8622,9095,1582
03/25/2005,1098,87,8198,9075,1454
03/18/2005,1155,102,8261,9069,1558
03/11/2005,1103,75,8310,9131,1573
03/04/2005,1308,82,8526,9014,1402
02/25/2005,1223,85,8485,8884,1598
02/18/2005,1175,87,8592,8898,1563
02/11/2005,1133,78,8603,8825,1589
02/04/2005,1187,73,8552,8837,1630
01/28/2005,1116,64,8465,8848,1651
01/21/2005,1178,96,8532,8881,1503
01/14/2005,1153,74,8436,8695,1538
01/07/2005,1086,92,8543,8710,1510
12/31/2004,1291,65,9013,9287,1644
12/24/2004,1283,89,9165,9329,1614
12/17/2004,1203,100,8958,9068,1551
12/10/2004,1202,100,8981,9268,1574
12/03/2004,1166,101,8819,9107,1620
11/26/2004,1310,104,8857,9204,1580
11/19/2004,1303,89,8850,8988,1581
11/12/2004,1215,100,8808,9237,1563
11/05/2004,1495,107,8994,9217,1536
10/29/2004,1351,93,8779,8977,1457
10/22/2004,1478,108,8924,8883,1419
10/15/2004,1313,60,8710,9177,1515
10/08/2004,1360,79,8579,8917,1496
10/01/2004,1357,84,8615,8915,1684
09/24/2004,1340,74,8187,8922,1396
09/17/2004,1371,63,8398,9005,1444
09/10/2004,1299,100,8858,9234,1744
09/03/2004,1215,107,8726,9453,1640
08/27/2004,1234,102,8879,9267,1629
08/20/2004,1208,114,8817,9424,1692
08/13/2004,1232,93,8939,9521,1617
08/06/2004,1222,124,8737,9472,1614
07/30/2004,1226,111,8832,9263,1616
07/23/2004,1226,100,8763,9310,1602
07/16/2004,1302,99,8856,8840,1556
07/09/2004,1243,99,8840,9300,1620
07/02/2004,1340,113,8725,9398,1646
06/25/2004,1252,107,8798,9199,1521
06/18/2004,1205,90,8655,9194,1500
06/11/2004,1250,92,8693,9219,1497
06/04/2004,1226,72,8689,9045,1544
05/28/2004,1204,78,8817,9259,1510
05/21/2004,1150,107,8879,9154,1582
05/14/2004,1179,108,8909,9119,1503
05/07/2004,1297,78,9082,9373,1525
04/30/2004,1209,112,8793,8926,1568
04/23/2004,1247,132,8733,9255,1485
04/16/2004,1240,146,8729,8973,1543
04/09/2004,1305,98,8540,9338,1447
04/02/2004,1214,102,8600,9249,1442
03/26/2004,1130,84,8530,8731,1433
03/19/2004,1052,99,8554,8818,1468
03/12/2004,1170,111,8553,9044,1481
03/05/2004,1002,95,8148,8968,1458
02/27/2004,1246,92,8456,8970,1451
02/20/2004,1197,97,8367,8796,1409
02/13/2004,1119,83,8414,8727,1418
02/06/2004,1135,103,8337,8627,1467
01/30/2004,1036,57,8148,8514,1483
01/23/2004,1067,89,8142,8543,1486
01/16/2004,1071,66,8125,8426,1487
01/09/2004,1065,87,8317,8411,1511
01/02/2004,995,90,8488,8686,1589
12/26/2003,1065,106,8667,8726,1590
12/19/2003,1063,106,8606,9166,1636
12/12/2003,1076,91,8713,8930,1580
12/05/2003,1017,92,8851,8776,1643
11/28/2003,1057,100,8702,8979,1526
11/21/2003,1013,90,8733,8725,1484
11/14/2003,1082,90,8770,9232,1549
11/07/2003,1052,91,8519,8995,1557
10/31/2003,1153,95,8526,9316,1523
10/24/2003,1122,101,8793,9413,1509
10/17/2003,1115,83,8621,8754,1472
10/10/2003,1167,86,8659,9156,1502
10/03/2003,1035,62,8453,9190,1451
09/26/2003,1217,68,8749,8690,1448
09/19/2003,1227,73,8785,9166,1527
09/12/2003,1156,98,8646,8974,1543
09/05/2003,1148,91,8636,8886,1570
08/29/2003,1271,81,8846,9337,1547
08/22/2003,1189,96,8665,9668,1530
08/15/2003,1177,84,8878,9325,1580
08/08/2003,1154,77,8717,9381,1493
08/01/2003,1177,87,8712,9303,1514
07/25/2003,1118,75,8524,9563,1472
07/18/2003,1264,64,8723,9177,1431
07/11/2003,1354,84,8981,8763,1505
07/04/2003,1120,79,8523,9050,1413
06/27/2003,1101,72,8657,9476,1371
06/20/2003,1100,70,8393,8833,1326
06/13/2003,1020,80,8401,8880,1359
06/06/2003,1038,82,8582,8529,1461
05/30/2003,1061,102,8656,8516,1488
05/23/2003,1197,81,8613,9299,1539
05/16/2003,1114,96,8461,8992,1461
05/09/2003,1132,76,8610,8894,1445
05/02/2003,1202,44,8525,8834,1444
04/25/2003,1224,61,8430,8358,1409
04/18/2003,1126,79,8299,8737,1406
04/11/2003,1155,83,7933,8640,1465
04/04/2003,1201,72,8143,8458,1470
03/28/2003,1136,66,8004,8284,1430
03/21/2003,1094,72,7980,8666,1443
03/14/2003,1120,67,8034,8596,1351
03/07/2003,1139,79,8008,9020,1401
02/28/2003,1146,72,7978,8421,1410
02/21/2003,1073,67,7894,8619,1499
02/14/2003,1219,71,8102,8454,1404
02/07/2003,1229,106,8161,8106,1418
01/31/2003,1044,82,7521,8551,1360
01/24/2003,1001,87,7972,8793,1562
01/17/2003,1136,91,8093,8645,1522
01/10/2003,1106,96,8452,8335,1530
01/03/2003,1191,71,8599,8411,1447
12/27/2002,1242,64,8796,8989,1582
12/20/2002,1209,80,8862,9063,1556
12/13/2002,1182,83,8657,8854,1533
12/06/2002,1138,106,8715,8616,1606
11/29/2002,1137,73,8647,9060,1595
11/22/2002,1097,140,8654,8667,1583
11/15/2002,1088,80,8357,8540,1467
11/08/2002,1166,98,8503,8759,1452
11/01/2002,1223,110,8427,9324,1628
10/25/2002,1211,97,8515,9022,1532
10/18/2002,1120,111,8192,8653,1460
10/11/2002,1181,93,7992,9090,1318
10/04/2002,1216,89,8128,8895,1423
09/27/2002,1106,80,8461,8582,1533
09/20/2002,1130,86,8482,8625,1617
09/13/2002,969,88,8283,8899,1598
09/06/2002,981,87,8553,8844,1525
08/30/2002,959,89,8382,9135,1516
08/23/2002,1034,74,8507,9173,1495
08/16/2002,1204,80,8700,8939,1547
08/09/2002,1176,89,8656,9270,1567
08/02/2002,1134,95,8713,9297,1520
07/26/2002,1180,91,8550,9093,1561
07/19/2002,1157,97,8540,9056,1536
07/12/2002,1118,103,8636,8985,1603
07/05/2002,995,90,8512,9004,1521
06/28/2002,1111,75,8528,9172,1485
06/21/2002,989,84,8404,8752,1501
06/14/2002,1020,87,8437,8771,1543
06/07/2002,1004,81,8386,9004,1464
05/31/2002,1100,72,8440,8778,1483
05/24/2002,1144,86,8522,8685,1432
05/17/2002,1107,78,8545,9190,1497
05/10/2002,1017,53,8639,8548,1487
05/03/2002,1162,84,8658,8521,1482
04/26/2002,1048,86,8497,8699,1516
04/19/2002,1053,65,8548,8684,1459
04/12/2002,989,68,8358,8840,1517
04/05/2002,1002,61,8229,8865,1492
03/29/2002,1152,62,8371,8386,1479
03/22/2002,1050,67,8061,8621,1585
03/15/2002,1072,79,8092,8713,1443
03/08/2002,1098,89,7889,8277,1410
03/01/2002,1059,84,8152,8782,1461
02/22/2002,1005,88,7950,8729,1508
02/15/2002,985,78,7869,8428,1415
02/08/2002,949,85,8111,8117,1478
02/01/2002,977,73,7937,8223,1411
01/25/2002,1129,83,8149,8184,1389
01/18/2002,970,76,8198,8049,1548
01/11/2002,990,41,8238,8359,1557
01/04/2002,935,64,8244,8288,1504
12/28/2001,1006,86,8292,8860,1521
12/21/2001,928,71,8147,8888,1452
12/14/2001,989,68,8246,8622,1467
12/07/2001,927,72,8130,8327,1472
11/30/2001,1132,72,8535,8517,1479
11/23/2001,1085,59,8331,8868,1378
11/16/2001,1168,65,8326,8612,1342
11/09/2001,1221,68,8302,8771,1389
11/02/2001,1333,91,8631,8797,1510
10/26/2001,981,81,8422,8702,1430
10/19/2001,1003,75,8429,8619,1458
10/12/2001,1094,49,8562,8766,1406
10/05/2001,1094,74,8499,8500,1391
09/28/2001,1122,37,8455,8514,1301
09/21/2001,1162,31,8445,7834,1339
09/14/2001,995,47,8245,8969,1525
09/07/2001,933,61,8263,8529,1661
08/31/2001,924,84,8050,8612,1605
08/24/2001,867,79,8136,8943,1559
08/17/2001,871,67,8425,9035,1541
08/10/2001,805,85,8097,8671,1605
08/03/2001,1038,92,8344,8959,1601
07/27/2001,1025,88,8266,9007,1571
07/20/2001,1109,113,8558,9176,1603
07/13/2001,1158,66,8502,9095,1687
07/06/2001,964,115,8508,8622,1678
06/29/2001,1240,77,8997,9036,1649
06/22/2001,1033,102,8683,8921,1604
06/15/2001,1008,96,8517,8393,1631
06/08/2001,1037,97,8775,8428,1646
06/01/2001,1134,116,8785,8809,1676
05/25/2001,1104,120,8567,8270,1611
05/18/2001,863,124,8501,8917,1650
05/11/2001,968,103,8475,8275,1554
05/04/2001,1097,96,8599,8665,1571
04/27/2001,893,83,8476,8404,1565
04/20/2001,1120,89,8545,8708,1604
04/13/2001,1025,76,8477,8438,1508
04/06/2001,1047,94,8156,8306,1451
03/30/2001,948,65,7955,8507,1518
03/23/2001,1038,86,7869,8475,1534
03/16/2001,987,113,7865,8484,1545
03/09/2001,1137,103,8060,8425,1536
03/02/2001,1085,88,7828,8489,1513
02/23/2001,1094,112,7974,8187,1528
02/16/2001,1138,86,7677,7850,1465
02/09/2001,1051,86,7692,8032,1495
02/02/2001,1034,74,7641,8589,1430
01/26/2001,1044,94,7789,7338,1505
01/19/2001,1142,88,7896,7894,1558
01/12/2001,943,72,7785,8225,1535
01/05/2001,907,89,7550,7825,1636
12/29/2000,988,84,7984,8693,1627
12/22/2000,1029,77,8084,8400,1659
12/15/2000,1139,97,8379,8475,1663
12/08/2000,1286,107,8622,8711,1651
12/01/2000,1127,108,8505,8233,1660
11/24/2000,1116,91,8183,8063,1547
11/17/2000,1014,93,8250,8419,1581
11/10/2000,1112,99,8383,8216,1563
11/03/2000,980,97,8059,8780,1614
10/27/2000,973,104,8249,8942,1656
10/20/2000,963,113,8168,8604,1694
10/13/2000,896,82,8057,8663,1630
10/06/2000,988,101,8101,8340,1698
09/29/2000,1139,94,8424,7819,1647
09/22/2000,1058,107,8406,8153,1653
09/15/2000,974,94,8132,8814,1610
09/08/2000,1005,109,8040,8573,1613
09/01/2000,1007,109,8057,8644,1648
08/25/2000,1041,107,8295,8960,1652
08/18/2000,1109,92,8546,8786,1640
08/11/2000,1074,75,8352,8813,1606
08/04/2000,1112,131,8249,8759,1669
07/28/2000,1078,123,8556,8614,1658
07/21/2000,978,107,8228,8361,1645
07/14/2000,1035,105,8650,8844,1591
07/07/2000,937,129,8590,8519,1572
06/30/2000,938,102,8325,8620,1589
06/23/2000,1076,104,8547,8475,1604
06/16/2000,1158,132,8506,8895,1659
06/09/2000,1107,100,8383,8403,1569
06/02/2000,1166,125,8469,8863,1623
05/26/2000,1220,106,8434,9075,1647
05/19/2000,1156,78,8390,8408,1587
05/12/2000,1139,110,8385,8242,1581
05/05/2000,1193,107,8425,8679,1573
04/28/2000,1151,84,8214,8302,1581
04/21/2000,1182,95,8192,8616,1541
04/14/2000,1065,127,8235,8557,1658
04/07/2000,1089,122,8355,8655,1621
03/31/2000,1084,123,8256,7896,1683
03/24/2000,1137,107,8146,8384,1556
03/17/2000,1132,132,8051,8201,1535
03/10/2000,1168,118,8220,8662,1545
03/03/2000,1014,83,7839,7608,1415
02/25/2000,1070,104,7830,8072,1396
02/18/2000,1075,94,7775,8524,1531
02/11/2000,993,77,7674,8375,1454
02/04/2000,966,112,7812,7642,1569
01/28/2000,1014,98,7836,8385,1584
01/21/2000,996,153,7626,7919,1643
01/14/2000,1091,89,8039,7543,1644
01/07/2000,1036,126,8173,7907,1556
12/31/1999,996,121,8388,8851,1599
12/24/1999,1067,116,8278,8590,1596
12/17/1999,1040,122,8438,8638,1624
12/10/1999,1140,108,8261,8557,1488
12/03/1999,1118,118,8229,7670,1561
11/26/1999,1074,125,8254,8416,1557
11/19/1999,966,117,8115,8404,1481
11/12/1999,1008,128,7939,8416,1573
11/05/1999,1069,114,8109,8333,1533
10/29/1999,1079,113,8154,8532,1483
10/22/1999,983,96,7794,8521,1516
10/15/1999,999,93,8296,8406,1445
10/08/1999,1172,131,8481,8433,1532
10/01/1999,1103,113,8590,8557,1574
09/24/1999,1003,136,8493,8865,1633
09/17/1999,1004,104,8271,8504,1567
09/10/1999,970,120,8205,8593,1604
09/03/1999,1026,123,8287,8778,1596
08/27/1999,1091,123,8384,8810,1537
08/20/1999,1042,120,8321,8415,1546
08/13/1999,1082,113,8319,8519,1595
08/06/1999,1084,153,8096,8644,1570
07/30/1999,1071,131,8156,8537,1554
07/23/1999,1098,122,8047,8639,1549
07/16/1999,1119,94,8226,8622,1555
07/09/1999,1005,112,7952,8679,1485
07/02/1999,1178,123,8199,9076,1542
06/25/1999,960,115,8165,9045,1492
06/18/1999,1161,131,8277,8522,1534
06/11/1999,1023,123,8182,8827,1513
06/04/1999,1047,118,8405,8193,1530
05/28/1999,1051,108,8401,8401,1512
05/21/1999,1030,106,8248,8275,1528
05/14/1999,1122,125,8319,8761,1543
05/07/1999,1152,120,8166,8059,1587
04/30/1999,1174,122,8327,7825,1698
04/23/1999,1010,125,7950,8923,1636
04/16/1999,974,129,7863,8066,1616
04/09/1999,988,90,7833,7878,1513
04/02/1999,1066,90,7715,7959,1507
03/26/1999,1079,92,7676,8337,1524
03/19/1999,983,112,7686,8367,1540
03/12/1999,1078,99,7761,8451,1530
03/05/1999,1147,105,7930,8273,1575
02/26/1999,1082,89,7866,8316,1585
02/19/1999,1112,121,7854,7948,1569
02/12/1999,1108,119,7907,8756,1578
02/05/1999,1127,123,7877,7532,1533
01/29/1999,1128,92,7792,7866,1565
01/22/1999,1046,118,7767,8186,1621
01/15/1999,1103,94,8192,7810,1621
01/08/1999,943,112,8153,7385,1555
01/01/1999,1059,97,8400,8519,1621
12/25/1998,1072,101,8306,8153,1649
12/18/1998,1202,108,8346,8588,1572
12/11/1998,1024,97,8217,8314,1613
12/04/1998,1180,110,8413,8162,1591
11/27/1998,1102,124,8181,8313,1652
11/20/1998,1077,125,8029,8381,1553
11/13/1998,1157,133,8335,7711,1570
11/06/1998,1120,81,8259,8195,1553
10/30/1998,1066,96,7947,8360,1581
10/23/1998,981,89,7861,8099,1425
10/16/1998,1054,85,8114,8049,1309
10/09/1998,1050,103,7715,8797,1356
10/02/1998,1098,94,7961,8058,1400
09/25/1998,976,89,8026,8359,1475
09/18/1998,1177,100,8057,7873,1546
09/11/1998,1104,108,8193,8722,1570
09/04/1998,1040,119,8237,8713,1682
08/28/1998,1109,139,8403,8607,1638
08/21/1998,1159,118,8187,8288,1620
08/14/1998,1144,116,8167,8981,1604
08/07/1998,1107,98,7968,8317,1488
07/31/1998,1153,98,8272,8997,1483
07/24/1998,996,125,8030,8125,1572
07/17/1998,1062,87,8524,8749,1490
07/10/1998,1113,104,8511,8234,1514
07/03/1998,1105,94,8096,8755,1490
06/26/1998,1051,116,8368,8644,1579
06/19/1998,1005,86,8355,8160,1557
06/12/1998,1039,124,8252,8103,1685
06/05/1998,1007,121,8182,8312,1539
05/29/1998,1085,95,8216,8205,1532
05/22/1998,978,89,8213,8337,1514
05/15/1998,1048,76,8149,8524,1395
05/08/1998,946,114,7918,7503,1514
05/01/1998,1031,115,8013,8190,1469
04/24/1998,1081,119,8083,8118,1518
04/17/1998,1090,106,8191,8303,1531
04/10/1998,1081,128,7945,8031,1522
04/03/1998,967,108,7933,8992,1520
03/27/1998,993,102,7975,7996,1499
03/20/1998,912,102,7609,7753,1476
03/13/1998,838,92,7314,8103,1417
03/06/1998,822,103,7242,7744,1521
02/27/1998,986,91,7508,7662,1430
02/20/1998,1016,97,7674,8005,1428
02/13/1998,1044,113,7826,8201,1498
02/06/1998,1057,114,7781,7673,1501
01/30/1998,921,121,7545,7670,1538
01/23/1998,929,109,7484,7940,1504
01/16/1998,991,120,7823,7779,1563
01/09/1998,962,110,8001,7673,1632
01/02/1998,1074,99,8399,7832,1662
12/26/1997,1033,95,8331,8201,1631
12/19/1997,1031,88,8043,8151,1593
12/12/1997,1019,108,8177,7955,1598
12/05/1997,966,116,8049,8437,1613
11/28/1997,879,116,7627,7578,1719
11/21/1997,907,105,7875,8043,1664
11/14/1997,857,119,7908,7793,1498
11/07/1997,914,123,7974,8025,1482
10/31/1997,957,88,7881,8355,1545
10/24/1997,938,124,7715,7741,1554
10/17/1997,974,116,8097,8315,1601
10/10/1997,1062,115,8116,8221,1568
10/03/1997,1194,114,8334,8379,1573
09/26/1997,1120,99,8134,8140,1607
09/19/1997,956,99,8081,7746,1693
09/12/1997,1025,97,8186,8215,1598
09/05/1997,1088,101,8213,8053,1621
08/29/1997,1054,124,8207,8695,1597
08/22/1997,971,105,7970,7922,1527
08/15/1997,1055,97,7937,8539,1616
08/08/1997,1147,76,7981,8253,1541
08/01/1997,964,91,7806,8290,1682
07/25/1997,1082,101,7959,8600,1540
07/18/1997,1001,96,8173,8595,1666
07/11/1997,990,104,8000,8606,1634
07/04/1997,1024,92,8105,8489,1620
06/27/1997,970,99,8008,8234,1610
06/20/1997,1137,89,8230,8557,1567
06/13/1997,988,107,8122,8009,1534
06/06/1997,1083,101,7917,7590,1549
05/30/1997,924,114,7998,8154,1528
05/23/1997,1150,102,7992,8088,1564
05/16/1997,970,75,7935,8253,1534
05/09/1997,1151,81,8179,7765,1555
05/02/1997,908,81,7791,8224,1528
04/25/1997,959,85,7737,7922,1543
04/18/1997,1111,68,7799,7914,1491
04/11/1997,908,50,7424,7791,1459
04/04/1997,1014,67,7545,8115,1492
03/28/1997,887,64,7079,7492,1493
03/21/1997,970,76,7360,7729,1549
03/14/1997,944,104,7220,8125,1511
03/07/1997,1034,90,7271,7417,1539
02/28/1997,938,98,7330,7779,1611
02/21/1997,930,90,7266,8011,1483
02/14/1997,1052,86,7350,7530,1476
02/07/1997,895,95,7047,7013,1514
01/31/1997,853,82,7315,7125,1551
01/24/1997,813,71,7363,7265,1481
01/17/1997,799,66,7373,7408,1465
01/10/1997,837,62,7276,7440,1548
01/03/1997,785,76,7556,7122,1607
12/27/1996,856,78,7755,7740,1647
12/20/1996,877,70,7573,8051,1600
12/13/1996,919,85,7840,8355,1674
12/06/1996,931,85,8142,7706,1569
11/29/1996,864,85,7486,7370,1575
11/22/1996,916,58,7833,7883,1518
11/15/1996,804,65,7856,8073,1544
11/08/1996,900,55,7588,7804,1428
11/01/1996,897,71,7660,7682,1584
10/25/1996,979,43,7676,7991,1497
10/18/1996,811,66,7248,7958,1517
10/11/1996,880,61,7534,7637,1543
10/04/1996,865,91,7424,7935,1659
09/27/1996,905,100,7722,7619,1654
09/20/1996,974,83,7949,8000,1594
09/13/1996,994,86,7641,7537,1656
09/06/1996,850,113,7362,7843,1632
08/30/1996,916,97,7671,8369,1599
08/23/1996,732,90,7885,8364,1519
08/16/1996,863,87,7758,7818,1431
08/09/1996,764,63,7724,7722,1461
08/02/1996,820,77,7713,8279,1500
07/26/1996,806,87,7686,8067,1500
07/19/1996,799,66,7868,8152,1460
07/12/1996,801,82,7873,7968,1468
07/05/1996,686,81,7700,8015,1496
06/28/1996,732,71,7688,8563,1531
06/21/1996,785,72,7986,7956,1468
06/14/1996,650,81,7564,7957,1556
06/07/1996,789,63,7665,7946,1440
05/31/1996,779,57,7693,7836,1448
05/24/1996,781,63,7510,8080,1435
05/17/1996,746,83,7718,7512,1390
05/10/1996,786,53,7813,8267,1386
05/03/1996,675,81,7567,7592,1446
04/26/1996,882,57,7657,8079,1382
04/19/1996,752,85,7287,7433,1496
04/12/1996,718,89,7427,7804,1514
04/05/1996,716,64,7265,7280,1524
03/29/1996,688,73,7056,7568,1441
03/22/1996,693,45,7465,7900,1451
03/15/1996,790,57,7135,7757,1370
03/08/1996,721,76,7211,7877,1526
03/01/1996,763,49,7323,7338,1429
02/23/1996,683,51,7441,7826,1474
02/16/1996,683,77,7517,7868,1460
02/09/1996,771,63,7139,7520,1467
02/02/1996,787,86,7403,7513,1653
01/26/1996,780,93,7174,7393,1626
01/19/1996,830,111,7324,6949,1576
01/12/1996,774,100,7407,7513,1580
01/05/1996,824,104,7721,7958,1613
12/29/1995,867,87,7747,7035,1522
12/22/1995,907,80,7634,8115,1483
12/15/1995,826,82,7715,7489,1484
12/08/1995,771,89,7549,7949,1501
12/01/1995,867,113,7925,7439,1566
11/24/1995,819,82,7755,7840,1465
11/17/1995,919,138,7821,8021,1518
11/10/1995,845,60,7626,8477,1436
11/03/1995,843,104,7439,7449,1466
10/27/1995,890,85,7597,8103,1428
10/20/1995,893,74,7568,7712,1460
10/13/1995,866,102,7439,7879,1372
10/06/1995,937,91,7590,8106,1412
09/29/1995,917,94,7956,7257,1439
09/22/1995,921,94,7980,7821,1446
09/15/1995,799,92,7925,8249,1455
09/08/1995,813,101,7660,8078,1481
09/01/1995,860,98,7728,7825,1461
08/25/1995,853,101,7640,8206,1434
08/18/1995,901,92,7763,8411,1450
08/11/1995,932,105,7501,7628,1455
08/04/1995,897,92,7678,8402,1422
07/28/1995,824,87,7787,8213,1430
07/21/1995,883,89,7957,8483,1520
07/14/1995,763,91,7817,7866,1445
07/07/1995,961,95,7910,7996,1417
06/30/1995,869,93,7806,8238,1444
06/23/1995,921,94,8071,8489,1358
06/16/1995,921,97,7752,7971,1360
06/09/1995,827,92,7810,8055,1411
06/02/1995,852,88,7880,8460,1383
05/26/1995,894,91,8127,7797,1422
05/19/1995,837,74,7754,8183,1364
05/12/1995,833,91,7603,8052,1310
05/05/1995,750,85,7546,7539,1375
04/28/1995,856,105,7563,7731,1396
04/21/1995,886,78,7721,8156,1278
04/14/1995,926,68,7571,7543,1238
04/07/1995,775,90,7161,7588,1225
03/31/1995,877,64,7383,8195,1320
03/24/1995,862,61,7281,7797,1247
03/17/1995,863,55,7090,7834,1200
03/10/1995,958,75,7255,7548,1326
03/03/1995,966,103,7546,7194,1337
02/24/1995,870,69,7269,7670,1382
02/17/1995,1020,75,7295,7398,1380
02/10/1995,792,82,7159,7132,1346
02/03/1995,872,93,7423,7267,1350
01/27/1995,841,82,7209,6976,1391
01/20/1995,786,68,7314,7260,1413
01/13/1995,892,63,7642,7534,1454
01/06/1995,770,80,7483,7134,1506
12/30/1994,824,53,7746,7718,1526
12/23/1994,811,89,7663,8278,1501
12/16/1994,818,91,7730,7933,1601
12/09/1994,833,94,7904,8229,1580
12/02/1994,927,106,8143,7593,1601
11/25/1994,870,97,7745,7431,1484
11/18/1994,888,70,7940,7929,1429
11/11/1994,837,86,7519,7377,1502
11/04/1994,780,83,7281,7432,1409
10/28/1994,746,67,7401,8204,1390
10/21/1994,780,62,7249,8143,1402
10/14/1994,710,56,7278,7562,1468
10/07/1994,739,82,7246,7515,1521
09/30/1994,746,47,7578,7733,1442
09/23/1994,667,92,7416,7763,1443
09/16/1994,647,75,7381,7601,1467
09/09/1994,564,87,7135,6955,1525
09/02/1994,596,78,7350,8061,1567
08/26/1994,703,68,7231,7750,1498
08/19/1994,726,91,7498,7836,1514
08/12/1994,743,79,7370,8187,1524
08/05/1994,642,82,7130,7638,1557
07/29/1994,703,66,7113,7581,1417
07/22/1994,643,74,7159,7523,1396
07/15/1994,696,80,7468,8006,1507
07/08/1994,709,58,6976,7562,1343
07/01/1994,787,65,7484,7930,1473
06/24/1994,760,82,7660,7909,1442
06/17/1994,725,58,7307,7650,1341
06/10/1994,798,84,7426,7770,1479
06/03/1994,816,68,7404,7461,1366
05/27/1994,743,77,7373,8028,1469
05/20/1994,728,86,7309,7938,1367
05/13/1994,686,58,7313,7552,1447
05/06/1994,786,57,7383,6824,1467
04/29/1994,707,70,7432,7892,1437
04/22/1994,700,72,7452,7042,1452
04/15/1994,676,81,7119,7720,1416
04/08/1994,631,70,6700,7187,1332
04/01/1994,665,41,6870,7398,1327
03/25/1994,730,63,6819,7481,1294
03/18/1994,695,35,6792,7521,1307
03/11/1994,781,66,6721,7214,1293
03/04/1994,710,58,6785,7286,1288
02/25/1994,888,67,6947,7372,1331
02/18/1994,743,112,6815,6993,1389
02/11/1994,804,92,6791,7487,1449
02/04/1994,720,100,6791,6953,1492
01/28/1994,721,86,6749,6321,1432
01/21/1994,674,84,6980,7157,1349
01/14/1994,849,67,7380,7124,1389
01/07/1994,825,92,7368,7124,1418
12/31/1993,841,95,7503,7567,1426
12/24/1993,754,80,7379,7411,1452
12/17/1993,789,90,7650,7684,1392
12/10/1993,797,76,7719,8074,1409
12/03/1993,836,80,7888,7430,1371
11/26/1993,838,81,7552,6845,1386
11/19/1993,811,62,7905,7992,1292
11/12/1993,752,81,7761,7552,1291
11/05/1993,732,58,7393,7640,1329
10/29/1993,766,110,7498,7788,1287
10/22/1993,820,78,7466,7704,1192
10/15/1993,755,80,7483,7613,1284
10/08/1993,781,76,7293,7276,1290
10/01/1993,779,88,7344,7387,1339
09/24/1993,799,86,7834,7485,1363
09/17/1993,804,68,7596,7478,1304
09/10/1993,688,69,7510,7889,1296
09/03/1993,696,50,7175,7386,1265
08/27/1993,677,81,7265,7629,1285
08/20/1993,674,57,7378,8187,1305
08/13/1993,700,70,7205,7581,1376
08/06/1993,718,67,7305,8033,1370
07/30/1993,786,85,7313,7336,1388
07/23/1993,738,107,7469,7916,1401
07/16/1993,703,86,7509,8113,1361
